Method,accuracy,macro_f1,weighted_f1,rows,trials
GR,0.857619,0.504289,0.846131,53420,89
BF,0.911101,0.766848,0.908667,53420,89
E2E,0.898854,0.755814,0.894937,44589,89
