accuracy,macro_f1,weighted_f1,num_rows,num_trials
0.9024978366342891,0.70497494153016,0.8953391246203912,617094,1029
