accuracy,macro_f1,weighted_f1,num_rows,num_trials
0.900228697124701,0.7728495361497754,0.8952140751800334,515529,1029
